Trait,F1_Score
cOPN,0.625
cCON,0.5969230769230769
cEXT,0.564935064935065
cAGR,0.6614583333333334
cNEU,0.5527950310559007
